{"stats":{"minecraft:picked_up":{"minecraft:birch_log":115,"sophisticatedbackpacks:gold_backpack":7,"minecraft:iron_chestplate":7,"spore:mutated_heart":1,"immersiveengineering:connector_lv":24,"minecraft:cooked_beef":448,"minecraft:redstone_block":224,"farmersdelight:rice":224,"minecraft:glow_ink_sac":1,"minecraft:water_bucket":8,"immersiveengineering:coal_coke":96,"minecraft:potato":224,"immersiveengineering:dynamo":3,"paraglider:spirit_orb":1,"minecraft:oak_log":2715,"immersiveengineering:blastbrick":81,"minecraft:shield":3,"minecraft:gunpowder":2,"elevatorid:elevator_black":2,"farmersdelight:skillet":1,"tombstone:voodoo_poppet":3,"minecraft:lapis_block":224,"immersiveengineering:connector_lv_relay":24,"immersiveengineering:manual":3,"minecraft:dirt":11,"minecraft:iron_axe":7,"minecraft:iron_leggings":4,"minecraft:netherite_ingot":12,"minecraft:iron_shovel":7,"immersiveengineering:cokebrick":81,"minecraft:apple":7,"minecraft:stone_bricks":7104,"quark:pink_blossom_leaves":2,"minecraft:bow":7,"immersiveengineering:windmill":3,"minecraft:diamond_leggings":3,"minecraft:wheat_seeds":225,"minecraft:cobbled_deepslate":3456,"spore:mutated_fiber":7,"minecraft:iron_pickaxe":7,"minecraft:diamond_helmet":7,"minecraft:glowstone_dust":1,"minecraft:coal_block":224,"minecraft:chest":18,"minecraft:birch_sapling":53,"minecraft:iron_sword":7,"farmersdelight:cabbage_seeds":224,"minecraft:iron_boots":3,"minecraft:stick":87,"spore:cerebrum":1,"minecraft:raw_gold_block":96,"minecraft:torch":2,"minecraft:lava_bucket":8,"minecraft:raw_iron_block":224,"minecraft:gravel":768,"minecraft:sand":1152,"farmersdelight:tomato_seeds":224,"tombstone:grave_dust":96,"minecraft:spruce_log":1152,"minecraft:grass_block":64,"minecraft:carrot":224,"quark:lavender_blossom_sapling":1,"minecraft:iron_hoe":7,"minecraft:arrow":896,"quark:clear_shard":4,"minecraft:clay":768,"immersiveengineering:seed":225,"minecraft:diamond":224,"minecraft:beetroot_seeds":224,"immersiveengineering:wirecoil_copper":24,"farmersdelight:onion":224,"minecraft:diamond_boots":4,"tombstone:fishing_rod_of_misadventure":3,"farmersdelight:rice_bag":1,"tombstone:essence_of_undeath":48,"securitycraft:universal_block_reinforcer_lvl2":4,"minecraft:oak_sapling":107,"minecraft:cobblestone":4032},"minecraft:custom":{"lootr:looted_stat":2,"minecraft:mob_kills":16,"minecraft:interact_with_crafting_table":1,"minecraft:damage_dealt_resisted":10,"minecraft:leave_game":3,"minecraft:time_since_death":60565,"minecraft:time_since_rest":59063,"minecraft:sprint_one_cm":670776,"minecraft:open_enderchest":13,"minecraft:damage_taken":1873,"minecraft:walk_one_cm":458867,"minecraft:damage_blocked_by_shield":275,"minecraft:drop":60,"minecraft:damage_dealt":1213,"minecraft:swim_one_cm":4896,"minecraft:fly_one_cm":5792869,"minecraft:open_chest":172,"minecraft:crouch_one_cm":52415,"minecraft:play_time":344828,"tombstone:undead_killed":1,"minecraft:deaths":1,"minecraft:sneak_time":12377,"minecraft:walk_under_water_one_cm":6644,"minecraft:jump":1649,"minecraft:walk_on_water_one_cm":18603,"minecraft:total_world_time":344828,"minecraft:fall_one_cm":40187},"minecraft:killed_by":{"minecraft:phantom":1},"minecraft:dropped":{"minecraft:enchanted_book":7,"farmersdelight:iron_knife":1,"quark:yellow_blossom_sapling":1,"minecraft:netherite_ingot":4,"farmersdelight:skillet":1,"minecraft:tall_grass":1,"minecraft:iron_hoe":1,"quark:pink_blossom_sapling":17,"evilcraft:blood_infuser":1,"minecraft:grass_block":512,"quark:lavender_blossom_sapling":2,"paraglider:spirit_orb":1,"farmersdelight:cutting_board":1,"evilcraft:blood_extractor":1,"quark:clear_shard":2,"minecraft:torch":128,"evilcraft:broom":1,"farmersdelight:cooking_pot":1,"minecraft:chest":17,"farmersdelight:rice_bag":1,"minecraft:oak_sapling":20,"minecraft:bone_meal":32,"farmersdelight:stove":2,"quark:orange_blossom_sapling":1,"tombstone:fishing_rod_of_misadventure":1,"farmersdelight:basket":1,"quark:blue_blossom_sapling":1},"minecraft:killed":{"minecraft:creeper":1,"spore:inf_pillager":3,"spore:inf_villager":1,"spore:inf_human":7,"minecraft:zombie":1,"spore:inf_witch":3},"minecraft:mined":{"minecraft:torch":2,"minecraft:grass_block":23,"minecraft:chest":6,"minecraft:glass":2,"minecraft:birch_log":115,"minecraft:birch_leaves":1,"minecraft:grass":2,"minecraft:oak_log":219,"minecraft:oak_leaves":68},"minecraft:crafted":{"minecraft:oak_planks":16,"minecraft:coal":11,"minecraft:crafting_table":1,"minecraft:air":190,"quark:oak_chest":2,"minecraft:torch":27},"minecraft:used":{"minecraft:iron_shovel":9,"farmersdelight:skillet":1,"minecraft:chest":35,"minecraft:shield":6,"minecraft:ender_chest":4,"minecraft:iron_sword":57,"farmersdelight:rice_bag":1,"minecraft:iron_chestplate":1,"minecraft:torch":1635,"minecraft:dirt":97,"elevatorid:elevator_black":2,"minecraft:crafting_table":1,"minecraft:diamond_helmet":1,"minecraft:oak_log":5,"minecraft:lava_bucket":3,"minecraft:grass_block":437,"minecraft:iron_axe":375,"minecraft:birch_sapling":1,"minecraft:iron_boots":1,"minecraft:deepslate":1,"minecraft:bow":26,"minecraft:oak_sapling":1,"minecraft:bucket":3,"tombstone:gift":2,"quark:oak_chest":2,"minecraft:cooked_beef":9,"quark:pink_blossom_sapling":1,"minecraft:bone_meal":4,"minecraft:diamond_leggings":1}},"DataVersion":3120}