{"stats":{"minecraft:picked_up":{"minecraft:birch_log":12,"spore:mutated_heart":1,"minecraft:azure_bluet":1,"farmersdelight:rice":32,"minecraft:andesite":10,"minecraft:torch":20,"minecraft:dandelion":8,"minecraft:potato":32,"farmersdelight:tomato_seeds":32,"minecraft:oak_log":10,"minecraft:carrot":32,"minecraft:gunpowder":2,"minecraft:cornflower":1,"minecraft:dirt":1177,"botania:cyan_mystical_flower":1,"immersiveengineering:seed":36,"minecraft:beetroot_seeds":32,"farmersdelight:onion":32,"minecraft:wheat_seeds":38,"mysticalagriculture:inferium_essence":9,"minecraft:cobbled_deepslate":504,"botania:blue_mystical_flower":1,"spore:mutated_fiber":4,"minecraft:chest":4,"farmersdelight:cabbage_seeds":32,"minecraft:cobblestone":508},"minecraft:custom":{"minecraft:time_since_rest":39645,"minecraft:interact_with_furnace":4,"minecraft:sprint_one_cm":32758,"minecraft:damage_taken":635,"minecraft:walk_one_cm":357003,"minecraft:mob_kills":5,"minecraft:drop":4,"minecraft:damage_dealt":907,"minecraft:interact_with_crafting_table":6,"minecraft:fly_one_cm":36417,"minecraft:open_chest":2,"minecraft:crouch_one_cm":1261,"minecraft:play_time":39645,"tombstone:undead_killed":1,"minecraft:sneak_time":304,"minecraft:jump":211,"minecraft:leave_game":3,"minecraft:time_since_death":39645,"minecraft:total_world_time":39645,"minecraft:fall_one_cm":1442},"minecraft:broken":{"minecraft:iron_shovel":1},"minecraft:dropped":{"minecraft:dirt":64,"minecraft:andesite":10,"minecraft:cobblestone":3,"minecraft:dandelion":6},"minecraft:killed":{"spore:inf_villager":2,"born_in_chaos_v1:zombie_lumberjack":1,"born_in_chaos_v1:dread_hound":1,"minecraft:creeper":1},"minecraft:mined":{"minecraft:birch_log":12,"minecraft:andesite":19,"minecraft:birch_leaves":3,"minecraft:dandelion":1,"minecraft:grass":14,"minecraft:coal_ore":7,"minecraft:grass_block":659,"minecraft:oak_log":19,"minecraft:gravel":8,"minecraft:chest":2,"minecraft:dirt":1148,"minecraft:copper_ore":6,"minecraft:cobblestone":11,"minecraft:stone":403,"minecraft:oak_leaves":2,"mysticalagriculture:inferium_ore":2},"minecraft:crafted":{"minecraft:smooth_stone":2,"minecraft:oak_planks":10,"minecraft:stick":8,"minecraft:crafting_table":2,"stalwart_dungeons:diamond_hammer":1,"minecraft:furnace":1,"minecraft:stone":3,"stalwart_dungeons:stone_hammer":1,"minecraft:diamond_shovel":1,"minecraft:air":42},"minecraft:used":{"minecraft:diamond_shovel":883,"minecraft:iron_shovel":926,"minecraft:iron_axe":43,"stalwart_dungeons:diamond_hammer":4,"minecraft:iron_pickaxe":430,"minecraft:chest":2,"minecraft:shield":2,"minecraft:iron_sword":12,"stalwart_dungeons:stone_hammer":18,"minecraft:torch":17,"minecraft:dirt":79,"minecraft:cobblestone":33,"minecraft:crafting_table":2,"minecraft:furnace":1,"minecraft:cooked_beef":6}},"DataVersion":3120}