{"stats":{"minecraft:picked_up":{"minecraft:birch_log":12,"spore:mutated_heart":1,"minecraft:azure_bluet":1,"farmersdelight:rice":32,"minecraft:torch":16,"minecraft:dandelion":8,"minecraft:potato":32,"farmersdelight:tomato_seeds":32,"minecraft:oak_log":10,"minecraft:carrot":32,"minecraft:gunpowder":2,"minecraft:cornflower":1,"minecraft:dirt":1150,"botania:cyan_mystical_flower":1,"immersiveengineering:seed":36,"minecraft:beetroot_seeds":32,"farmersdelight:onion":32,"minecraft:wheat_seeds":38,"mysticalagriculture:inferium_essence":3,"minecraft:cobbled_deepslate":504,"botania:blue_mystical_flower":1,"spore:mutated_fiber":4,"minecraft:chest":4,"farmersdelight:cabbage_seeds":32,"minecraft:cobblestone":404},"minecraft:custom":{"minecraft:time_since_rest":26284,"minecraft:sprint_one_cm":25600,"minecraft:damage_taken":547,"minecraft:walk_one_cm":248238,"minecraft:mob_kills":5,"minecraft:drop":1,"minecraft:damage_dealt":907,"minecraft:interact_with_crafting_table":1,"minecraft:fly_one_cm":26250,"minecraft:open_chest":2,"minecraft:crouch_one_cm":1250,"minecraft:play_time":26284,"tombstone:undead_killed":1,"minecraft:sneak_time":270,"minecraft:jump":176,"minecraft:leave_game":2,"minecraft:time_since_death":26284,"minecraft:total_world_time":26284,"minecraft:fall_one_cm":1024},"minecraft:broken":{"minecraft:iron_shovel":1},"minecraft:dropped":{"minecraft:dandelion":6},"minecraft:killed":{"spore:inf_villager":2,"born_in_chaos_v1:zombie_lumberjack":1,"born_in_chaos_v1:dread_hound":1,"minecraft:creeper":1},"minecraft:mined":{"minecraft:birch_log":12,"minecraft:birch_leaves":3,"minecraft:dandelion":1,"minecraft:grass":14,"minecraft:grass_block":642,"minecraft:oak_log":19,"minecraft:chest":2,"minecraft:dirt":1037,"minecraft:stone":11,"minecraft:oak_leaves":2},"minecraft:crafted":{"minecraft:oak_planks":10,"minecraft:stick":4,"minecraft:crafting_table":1,"minecraft:diamond_shovel":1,"minecraft:air":41},"minecraft:used":{"minecraft:diamond_shovel":751,"minecraft:iron_shovel":926,"minecraft:iron_axe":43,"minecraft:iron_pickaxe":11,"minecraft:chest":2,"minecraft:shield":2,"minecraft:iron_sword":12,"minecraft:torch":4,"minecraft:dirt":64,"minecraft:cobblestone":27,"minecraft:crafting_table":1,"minecraft:cooked_beef":4}},"DataVersion":3120}