{"stats":{"minecraft:picked_up":{"farmersdelight:rice":32,"botania:cyan_mystical_flower":1,"immersiveengineering:seed":33,"minecraft:beetroot_seeds":32,"minecraft:torch":1,"minecraft:wheat_seeds":33,"farmersdelight:onion":32,"minecraft:cobbled_deepslate":504,"minecraft:potato":32,"farmersdelight:tomato_seeds":32,"minecraft:carrot":32,"minecraft:chest":4,"farmersdelight:cabbage_seeds":32,"minecraft:dirt":199,"minecraft:cobblestone":393},"minecraft:custom":{"minecraft:time_since_rest":7449,"minecraft:open_chest":2,"minecraft:crouch_one_cm":564,"minecraft:play_time":7449,"minecraft:sprint_one_cm":4667,"minecraft:walk_one_cm":42007,"minecraft:sneak_time":55,"minecraft:jump":29,"minecraft:leave_game":1,"minecraft:time_since_death":7449,"minecraft:total_world_time":7449,"minecraft:fly_one_cm":11702,"minecraft:fall_one_cm":209},"minecraft:mined":{"minecraft:grass":10,"minecraft:grass_block":78,"minecraft:chest":2,"minecraft:dirt":131},"minecraft:used":{"minecraft:dirt":11,"minecraft:iron_shovel":208,"minecraft:iron_axe":2,"minecraft:chest":2}},"DataVersion":3120}