{"stats":{"minecraft:picked_up":{"minecraft:birch_log":5,"spore:mutated_heart":1,"minecraft:azure_bluet":1,"farmersdelight:rice":32,"minecraft:torch":7,"minecraft:dandelion":2,"minecraft:potato":32,"farmersdelight:tomato_seeds":32,"minecraft:oak_log":10,"minecraft:carrot":32,"minecraft:gunpowder":2,"minecraft:dirt":555,"botania:cyan_mystical_flower":1,"immersiveengineering:seed":34,"minecraft:beetroot_seeds":32,"farmersdelight:onion":32,"minecraft:wheat_seeds":34,"mysticalagriculture:inferium_essence":3,"minecraft:cobbled_deepslate":504,"spore:mutated_fiber":4,"minecraft:chest":4,"farmersdelight:cabbage_seeds":32,"minecraft:cobblestone":393},"minecraft:custom":{"minecraft:time_since_rest":14284,"minecraft:sprint_one_cm":13352,"minecraft:damage_taken":377,"minecraft:walk_one_cm":117842,"minecraft:mob_kills":3,"minecraft:damage_dealt":598,"minecraft:interact_with_crafting_table":1,"minecraft:fly_one_cm":20754,"minecraft:open_chest":2,"minecraft:crouch_one_cm":1250,"minecraft:play_time":14284,"minecraft:sneak_time":270,"minecraft:jump":112,"minecraft:leave_game":2,"minecraft:time_since_death":14284,"minecraft:total_world_time":14284,"minecraft:fall_one_cm":689},"minecraft:killed":{"spore:inf_villager":2,"minecraft:creeper":1},"minecraft:mined":{"minecraft:birch_log":5,"minecraft:birch_leaves":2,"minecraft:dandelion":1,"minecraft:grass":11,"minecraft:grass_block":262,"minecraft:oak_log":10,"minecraft:chest":2,"minecraft:dirt":300},"minecraft:crafted":{"minecraft:oak_planks":10,"minecraft:stick":4,"minecraft:crafting_table":1,"minecraft:diamond_shovel":1,"minecraft:air":41},"minecraft:used":{"minecraft:iron_shovel":558,"minecraft:iron_axe":23,"minecraft:chest":2,"minecraft:shield":2,"minecraft:iron_sword":8,"minecraft:dirt":52,"minecraft:crafting_table":1,"minecraft:cooked_beef":4}},"DataVersion":3120}