{"stats":{"minecraft:custom":{"lootr:looted_stat":40,"minecraft:mob_kills":34,"minecraft:open_barrel":6,"minecraft:damage_dealt_resisted":20,"minecraft:leave_game":1,"minecraft:time_since_death":4423,"minecraft:time_since_rest":4021,"minecraft:waystone_activated":1,"minecraft:sprint_one_cm":265332,"minecraft:damage_taken":5789,"minecraft:walk_one_cm":454711,"minecraft:drop":23,"minecraft:damage_dealt":5938,"minecraft:swim_one_cm":3261,"minecraft:damage_dealt_absorbed":34,"minecraft:talked_to_villager":1,"minecraft:fly_one_cm":172428,"minecraft:open_chest":24,"minecraft:crouch_one_cm":4870,"minecraft:play_time":66548,"tombstone:undead_killed":2,"minecraft:deaths":7,"minecraft:sneak_time":1515,"minecraft:walk_under_water_one_cm":14781,"minecraft:jump":702,"minecraft:walk_on_water_one_cm":14050,"minecraft:interact_with_smoker":1,"minecraft:total_world_time":66548,"minecraft:fall_one_cm":24401,"minecraft:inspect_dispenser":3},"minecraft:picked_up":{"spore:mutated_heart":1,"spore:incubator":1,"born_in_chaos_v1:corpse_maggot":1,"minecraft:iron_door":6,"minecraft:flower_pot":2,"minecraft:redstone_lamp":1,"minecraft:gold_block":1,"paraglider:spirit_orb":16,"minecraft:brewing_stand":2,"minecraft:string":17,"minecraft:dirt":1,"minecraft:red_bed":3,"minecraft:netherite_ingot":4,"minecraft:deepslate_tiles":2,"mysticalagriculture:inferium_essence":7,"minecraft:smooth_stone":8,"minecraft:dark_oak_sign":3,"minecraft:written_book":1,"spore:mutated_fiber":12,"minecraft:lectern":1,"minecraft:tinted_glass":6,"minecraft:chest":2,"evilcraft:blood_extractor":1,"minecraft:book":345,"minecraft:stick":20,"minecraft:oak_door":1,"epicfight:skillbook":1,"minecraft:sand":1,"tombstone:grave_dust":2,"minecraft:spider_eye":4,"minecraft:barrel":1,"minecraft:quartz_block":72,"immersiveengineering:seed":2,"minecraft:rotten_flesh":2,"evilcraft:broom":1,"minecraft:iron_block":9,"minecraft:red_tulip":1,"evilcraft:blood_infuser":1,"spore:zoaholic":1,"spore:spine_fragment":1,"minecraft:iron_bars":3,"minecraft:white_wool":1,"minecraft:cobblestone":5},"minecraft:broken":{"minecraft:iron_chestplate":1,"minecraft:iron_leggings":1},"minecraft:killed_by":{"spore:inf_player":1,"spore:inf_hazmat":2,"spore:thorn":1,"spore:lacerator":1},"minecraft:mined":{"spore:fungal_roots":1,"minecraft:deepslate_tiles":3,"spore:wall_growths_big":20,"minecraft:quartz_block":12,"spore:wall_growths":15,"minecraft:oak_door":1,"minecraft:brewing_stand":2,"spore:growths_big":33,"minecraft:chest":1,"spore:fungal_stem":27,"minecraft:lectern":1,"minecraft:cobblestone":2,"spore:growths_small":32,"minecraft:iron_door":6,"spore:rotten_planks":1,"minecraft:spawner":11,"minecraft:smooth_stone":10,"minecraft:fire":3,"spore:blomfung":37,"minecraft:tinted_glass":6,"spore:bloomfung2":46,"spore:rotten_log":1,"spore:incubator":1,"minecraft:barrel":1,"minecraft:birch_leaves":1,"spore:growth_mycelium":41,"minecraft:gold_block":1,"spore:fungal_stem_top":19,"minecraft:grass":1,"minecraft:bookshelf":115,"spore:zoaholic":1,"minecraft:iron_bars":4,"minecraft:sand":3,"minecraft:dirt":1,"minecraft:cobweb":8,"minecraft:stone":3,"minecraft:iron_block":9,"minecraft:white_wool":1,"minecraft:oak_leaves":3,"spore:remains":17},"minecraft:used":{"epicfight:skillbook":1,"minecraft:iron_shovel":3,"minecraft:flint_and_steel":12,"minecraft:iron_sword":138,"minecraft:dirt":1,"minecraft:iron_pickaxe":77,"minecraft:iron_axe":373,"evilcraft:flesh_humanoid":1,"minecraft:barrel":1,"hmag:cureberry":1,"minecraft:bow":1,"minecraft:cobblestone":33,"minecraft:written_book":1,"minecraft:cooked_beef":28},"minecraft:killed":{"vampirism:vampire":1,"spore:inf_hazmat":10,"minecraft:cave_spider":11,"spore:inf_player":4,"minecraft:spider":2,"spore:inf_pillager":1,"spore:inf_villager":1,"minecraft:zombie":2},"minecraft:dropped":{"minecraft:oak_door":1,"minecraft:dark_oak_sign":1,"minecraft:tinted_glass":2,"spore:mutated_fiber":2,"evilcraft:flesh_humanoid":2,"sophisticatedbackpacks:gold_backpack":1,"minecraft:redstone_lamp":1,"minecraft:red_bed":2,"minecraft:flower_pot":1,"minecraft:quartz_block":25,"minecraft:iron_door":5,"minecraft:red_tulip":1,"minecraft:smooth_stone":6,"immersiveengineering:seed":1,"minecraft:written_book":1}},"DataVersion":3120}