{"stats":{"minecraft:picked_up":{"spore:mutated_heart":1,"spore:incubator":1,"born_in_chaos_v1:corpse_maggot":1,"minecraft:iron_door":6,"minecraft:flower_pot":2,"minecraft:redstone_lamp":1,"minecraft:gold_block":1,"paraglider:spirit_orb":34,"minecraft:chain":1,"minecraft:brewing_stand":2,"minecraft:string":18,"minecraft:dirt":1,"minecraft:red_bed":3,"minecraft:netherite_ingot":4,"minecraft:bone":2,"minecraft:deepslate_tiles":2,"mysticalagriculture:inferium_essence":13,"minecraft:smooth_stone":8,"minecraft:dark_oak_sign":3,"minecraft:written_book":1,"spore:mutated_fiber":12,"minecraft:lectern":1,"minecraft:tinted_glass":6,"minecraft:chest":2,"evilcraft:blood_extractor":1,"minecraft:book":345,"minecraft:stick":20,"minecraft:oak_door":1,"minecraft:torch":5,"born_in_chaos_v1:ethereal_spirit":4,"epicfight:skillbook":1,"minecraft:sand":1,"tombstone:grave_dust":3,"minecraft:spider_eye":4,"minecraft:barrel":1,"minecraft:quartz_block":72,"minecraft:arrow":66,"minecraft:rotten_flesh":2,"immersiveengineering:seed":3,"evilcraft:broom":1,"minecraft:iron_block":9,"minecraft:red_tulip":1,"evilcraft:blood_infuser":1,"spore:zoaholic":1,"spore:spine_fragment":1,"minecraft:iron_bars":5,"minecraft:white_wool":1,"minecraft:cobblestone":5},"minecraft:custom":{"lootr:looted_stat":53,"minecraft:mob_kills":39,"minecraft:open_barrel":6,"minecraft:damage_dealt_resisted":20,"minecraft:leave_game":2,"minecraft:time_since_death":29339,"minecraft:time_since_rest":28937,"minecraft:waystone_activated":1,"minecraft:sprint_one_cm":346703,"minecraft:damage_taken":5886,"minecraft:walk_one_cm":508391,"minecraft:drop":33,"minecraft:damage_dealt":6991,"minecraft:damage_dealt_absorbed":34,"minecraft:swim_one_cm":3261,"minecraft:talked_to_villager":1,"minecraft:fly_one_cm":181272,"minecraft:open_chest":24,"minecraft:crouch_one_cm":5299,"minecraft:play_time":91464,"tombstone:undead_killed":3,"minecraft:deaths":7,"minecraft:sneak_time":1613,"minecraft:walk_under_water_one_cm":14781,"minecraft:jump":726,"minecraft:walk_on_water_one_cm":14050,"minecraft:interact_with_smoker":1,"minecraft:total_world_time":91464,"minecraft:fall_one_cm":24819,"minecraft:inspect_dispenser":3},"minecraft:broken":{"minecraft:iron_chestplate":1,"minecraft:iron_leggings":1},"minecraft:killed_by":{"spore:inf_player":1,"spore:inf_hazmat":2,"spore:thorn":1,"spore:lacerator":1},"minecraft:dropped":{"minecraft:oak_door":1,"minecraft:dark_oak_sign":1,"minecraft:tinted_glass":2,"born_in_chaos_v1:ethereal_spirit":4,"spore:mutated_fiber":2,"evilcraft:flesh_humanoid":2,"sophisticatedbackpacks:gold_backpack":1,"minecraft:redstone_lamp":1,"minecraft:red_bed":2,"minecraft:flower_pot":1,"minecraft:quartz_block":25,"mysticalagriculture:inferium_essence":6,"minecraft:iron_door":5,"minecraft:chain":1,"minecraft:arrow":64,"minecraft:red_tulip":1,"minecraft:smooth_stone":6,"immersiveengineering:seed":3,"minecraft:string":3,"minecraft:written_book":1,"minecraft:bone":2},"minecraft:killed":{"vampirism:vampire":1,"spore:inf_hazmat":10,"minecraft:cave_spider":11,"spore:inf_player":4,"born_in_chaos_v1:restless_spirit":3,"minecraft:spider":3,"spore:inf_pillager":1,"spore:inf_villager":1,"minecraft:skeleton":1,"minecraft:zombie":2},"minecraft:mined":{"spore:fungal_roots":1,"minecraft:deepslate_tiles":3,"spore:wall_growths_big":20,"spore:wall_growths":15,"minecraft:quartz_block":12,"minecraft:oak_door":1,"minecraft:brewing_stand":2,"spore:growths_big":33,"minecraft:chest":1,"spore:fungal_stem":27,"minecraft:lectern":1,"minecraft:cobblestone":2,"spore:growths_small":32,"minecraft:iron_door":6,"spore:rotten_planks":1,"minecraft:spawner":20,"minecraft:smooth_stone":10,"minecraft:chain":1,"minecraft:barrel":1,"minecraft:tinted_glass":6,"spore:bloomfung2":46,"spore:rotten_log":1,"spore:blomfung":37,"spore:incubator":1,"minecraft:fire":3,"minecraft:birch_leaves":1,"spore:growth_mycelium":41,"minecraft:gold_block":1,"spore:fungal_stem_top":19,"minecraft:grass":1,"minecraft:bookshelf":115,"spore:zoaholic":1,"minecraft:iron_bars":6,"minecraft:sand":3,"minecraft:dirt":1,"minecraft:cobweb":8,"minecraft:stone":3,"minecraft:iron_block":9,"minecraft:white_wool":1,"minecraft:oak_leaves":3,"spore:remains":17},"minecraft:crafted":{"minecraft:oak_planks":32,"minecraft:coal":3,"minecraft:air":235,"minecraft:torch":20},"minecraft:used":{"epicfight:skillbook":4,"minecraft:iron_shovel":3,"minecraft:flint_and_steel":12,"minecraft:iron_sword":154,"minecraft:torch":70,"minecraft:dirt":1,"minecraft:iron_pickaxe":89,"minecraft:iron_axe":373,"evilcraft:flesh_humanoid":1,"minecraft:barrel":1,"hmag:cureberry":1,"minecraft:bow":1,"minecraft:cobblestone":33,"minecraft:written_book":1,"minecraft:cooked_beef":30}},"DataVersion":3120}