{"stats":{"minecraft:picked_up":{"spore:incubator":1,"spore:mutated_heart":1,"minecraft:flower_pot":2,"minecraft:redstone_lamp":1,"minecraft:gold_block":1,"minecraft:enchanted_book":1,"minecraft:chain":1,"minecraft:brewing_stand":2,"minecraft:string":18,"minecraft:red_bed":3,"minecraft:red_nether_bricks":1,"minecraft:netherite_ingot":4,"minecraft:cracked_stone_bricks":1,"minecraft:deepslate_tiles":2,"mysticalagriculture:inferium_essence":13,"minecraft:smooth_stone":8,"minecraft:cobbled_deepslate":3,"minecraft:written_book":1,"minecraft:lectern":1,"minecraft:tinted_glass":6,"evilcraft:blood_extractor":1,"minecraft:chest":2,"minecraft:stick":20,"minecraft:oak_door":1,"minecraft:torch":11,"mysticalagriculture:prosperity_shard":6,"epicfight:skillbook":1,"tombstone:grave_dust":5,"vampirism:amulet":1,"minecraft:stone_pressure_plate":1,"minecraft:quartz_block":74,"minecraft:arrow":92,"minecraft:rotten_flesh":7,"minecraft:nether_bricks":4,"minecraft:red_tulip":1,"minecraft:iron_block":9,"tombstone:essence_of_undeath":1,"spore:zoaholic":1,"minecraft:iron_bars":15,"minecraft:white_wool":1,"minecraft:cobblestone":22,"born_in_chaos_v1:corpse_maggot":1,"minecraft:iron_door":7,"minecraft:andesite":5,"paraglider:spirit_orb":68,"minecraft:gunpowder":1,"minecraft:dirt":1,"tombstone:gift":2,"hmag:evil_crystal_fragment":1,"minecraft:bone":8,"minecraft:stone_bricks":1,"minecraft:bow":1,"minecraft:dark_oak_sign":3,"spore:mutated_fiber":12,"minecraft:mossy_stone_bricks":3,"minecraft:book":345,"born_in_chaos_v1:ethereal_spirit":4,"minecraft:sand":1,"minecraft:nether_brick_stairs":8,"minecraft:barrel":1,"minecraft:spider_eye":4,"minecraft:mossy_cobblestone":1,"immersiveengineering:seed":3,"evilcraft:broom":1,"minecraft:crossbow":1,"evilcraft:blood_infuser":1,"spore:spine_fragment":1,"minecraft:coal":2},"minecraft:custom":{"minecraft:interact_with_smithing_table":2,"lootr:looted_stat":78,"minecraft:mob_kills":54,"minecraft:open_barrel":6,"minecraft:damage_dealt_resisted":20,"minecraft:leave_game":2,"minecraft:time_since_death":2227,"minecraft:climb_one_cm":532,"minecraft:sprint_one_cm":576915,"minecraft:walk_one_cm":601348,"minecraft:drop":44,"minecraft:talked_to_villager":1,"minecraft:damage_dealt_absorbed":34,"minecraft:play_time":115464,"minecraft:deaths":9,"minecraft:sneak_time":2475,"minecraft:walk_under_water_one_cm":14781,"minecraft:jump":853,"minecraft:walk_on_water_one_cm":25281,"minecraft:total_world_time":115464,"minecraft:time_since_rest":2117,"minecraft:waystone_activated":1,"minecraft:damage_taken":7237,"minecraft:damage_absorbed":81,"minecraft:damage_dealt":9881,"minecraft:swim_one_cm":3261,"minecraft:fly_one_cm":202391,"minecraft:open_chest":24,"minecraft:crouch_one_cm":11141,"tombstone:undead_killed":11,"minecraft:interact_with_smoker":1,"minecraft:fall_one_cm":28820,"minecraft:inspect_dispenser":3},"minecraft:broken":{"minecraft:iron_chestplate":1,"minecraft:iron_leggings":1},"minecraft:killed_by":{"spore:inf_hazmat":2,"spore:thorn":1,"spore:lacerator":1,"spore:inf_pillager":1,"spore:inf_player":1,"minecraft:zombie":1},"minecraft:dropped":{"minecraft:nether_brick_stairs":8,"sophisticatedbackpacks:gold_backpack":1,"minecraft:redstone_lamp":1,"minecraft:red_bed":2,"minecraft:iron_door":5,"minecraft:chain":1,"mysticalagriculture:prosperity_shard":6,"minecraft:smooth_stone":6,"minecraft:string":3,"minecraft:bone":7,"minecraft:oak_door":1,"minecraft:dark_oak_sign":1,"minecraft:tinted_glass":2,"born_in_chaos_v1:ethereal_spirit":4,"spore:mutated_fiber":2,"evilcraft:flesh_humanoid":2,"minecraft:shield":1,"minecraft:flower_pot":1,"mysticalagriculture:inferium_essence":6,"minecraft:quartz_block":25,"minecraft:iron_bars":6,"minecraft:arrow":86,"minecraft:red_tulip":1,"immersiveengineering:seed":3,"minecraft:written_book":1},"minecraft:killed":{"vampirism:vampire":3,"spore:inf_hazmat":10,"minecraft:cave_spider":11,"born_in_chaos_v1:restless_spirit":3,"minecraft:spider":3,"born_in_chaos_v1:maggot":1,"minecraft:skeleton":3,"hmag:zombie_girl":1,"spore:inf_player":4,"minecraft:creeper":1,"spore:inf_pillager":2,"spore:inf_villager":1,"minecraft:zombie":5,"spore:inf_human":1,"minecraft:stray":2},"minecraft:mined":{"minecraft:deepslate_tiles":3,"mysticalagriculture:prosperity_ore":2,"spore:fungal_roots":1,"minecraft:stone_pressure_plate":1,"minecraft:mossy_cobblestone":1,"spore:wall_growths_big":20,"spore:wall_growths":15,"minecraft:oak_door":1,"minecraft:red_nether_bricks":1,"minecraft:brewing_stand":2,"minecraft:nether_bricks":4,"spore:fungal_stem":27,"spore:growths_small":32,"spore:rotten_planks":1,"minecraft:spawner":43,"minecraft:smooth_stone":10,"minecraft:mossy_cobblestone_stairs":2,"spore:blomfung":37,"spore:rotten_log":1,"minecraft:fire":3,"minecraft:barrel":1,"minecraft:andesite":5,"spore:growth_mycelium":41,"minecraft:nether_brick_stairs":7,"minecraft:gold_block":1,"minecraft:bookshelf":115,"minecraft:vine":4,"minecraft:iron_bars":12,"spore:zoaholic":1,"minecraft:stone":20,"minecraft:iron_block":9,"minecraft:white_wool":1,"minecraft:quartz_block":15,"spore:growths_big":33,"minecraft:chest":1,"minecraft:lectern":1,"minecraft:cobblestone":2,"minecraft:iron_door":7,"minecraft:chain":1,"minecraft:tinted_glass":6,"spore:bloomfung2":46,"spore:incubator":1,"minecraft:birch_leaves":1,"spore:fungal_stem_top":19,"minecraft:grass":1,"minecraft:coal_ore":2,"minecraft:sand":3,"minecraft:dirt":1,"minecraft:cobweb":8,"minecraft:cracked_stone_bricks":1,"minecraft:stone_bricks":1,"minecraft:netherrack":2,"minecraft:mossy_stone_bricks":3,"minecraft:oak_leaves":3,"spore:remains":17,"minecraft:deepslate":3},"minecraft:crafted":{"minecraft:oak_planks":32,"minecraft:coal":3,"minecraft:air":547,"minecraft:stick":32,"minecraft:torch":66},"minecraft:used":{"minecraft:iron_shovel":3,"minecraft:flint_and_steel":12,"minecraft:iron_sword":221,"minecraft:torch":204,"minecraft:dirt":1,"minecraft:iron_axe":373,"evilcraft:flesh_humanoid":1,"minecraft:barrel":1,"minecraft:bow":1,"minecraft:written_book":1,"tombstone:gift":2,"minecraft:cooked_beef":40,"epicfight:skillbook":4,"minecraft:red_nether_bricks":1,"minecraft:golden_apple":2,"minecraft:diamond_pickaxe":49,"minecraft:iron_pickaxe":129,"hmag:cureberry":1,"minecraft:cobblestone":75}},"DataVersion":3120}