{"stats":{"minecraft:picked_up":{"spore:incubator":1,"spore:mutated_heart":1,"minecraft:flower_pot":2,"minecraft:redstone_lamp":1,"minecraft:gold_block":1,"minecraft:chain":1,"minecraft:brewing_stand":2,"minecraft:string":18,"minecraft:red_bed":3,"minecraft:red_nether_bricks":1,"minecraft:netherite_ingot":4,"minecraft:cracked_stone_bricks":1,"minecraft:deepslate_tiles":2,"mysticalagriculture:inferium_essence":13,"minecraft:smooth_stone":8,"minecraft:cobbled_deepslate":3,"minecraft:written_book":1,"minecraft:lectern":1,"minecraft:tinted_glass":6,"evilcraft:blood_extractor":1,"minecraft:chest":2,"minecraft:stick":20,"minecraft:oak_door":1,"minecraft:torch":10,"mysticalagriculture:prosperity_shard":6,"epicfight:skillbook":1,"tombstone:grave_dust":3,"vampirism:amulet":1,"minecraft:quartz_block":72,"minecraft:arrow":90,"minecraft:rotten_flesh":6,"minecraft:nether_bricks":4,"minecraft:red_tulip":1,"minecraft:iron_block":9,"spore:zoaholic":1,"minecraft:iron_bars":7,"minecraft:white_wool":1,"minecraft:cobblestone":22,"born_in_chaos_v1:corpse_maggot":1,"minecraft:iron_door":6,"minecraft:andesite":5,"paraglider:spirit_orb":54,"minecraft:gunpowder":1,"minecraft:dirt":1,"minecraft:bone":6,"minecraft:stone_bricks":1,"minecraft:dark_oak_sign":3,"spore:mutated_fiber":12,"minecraft:book":345,"born_in_chaos_v1:ethereal_spirit":4,"minecraft:sand":1,"minecraft:nether_brick_stairs":8,"minecraft:barrel":1,"minecraft:spider_eye":4,"immersiveengineering:seed":3,"evilcraft:broom":1,"evilcraft:blood_infuser":1,"spore:spine_fragment":1,"minecraft:coal":2},"minecraft:custom":{"minecraft:interact_with_smithing_table":2,"lootr:looted_stat":67,"minecraft:mob_kills":46,"minecraft:open_barrel":6,"minecraft:damage_dealt_resisted":20,"minecraft:leave_game":2,"minecraft:time_since_death":41339,"minecraft:climb_one_cm":162,"minecraft:sprint_one_cm":479179,"minecraft:walk_one_cm":556155,"minecraft:drop":40,"minecraft:talked_to_villager":1,"minecraft:damage_dealt_absorbed":34,"minecraft:play_time":103464,"minecraft:deaths":7,"minecraft:sneak_time":1745,"minecraft:walk_under_water_one_cm":14781,"minecraft:jump":796,"minecraft:walk_on_water_one_cm":25281,"minecraft:total_world_time":103464,"minecraft:time_since_rest":40937,"minecraft:waystone_activated":1,"minecraft:damage_taken":6325,"minecraft:damage_dealt":8451,"minecraft:swim_one_cm":3261,"minecraft:fly_one_cm":198507,"minecraft:open_chest":24,"minecraft:crouch_one_cm":6280,"tombstone:undead_killed":6,"minecraft:interact_with_smoker":1,"minecraft:fall_one_cm":25698,"minecraft:inspect_dispenser":3},"minecraft:broken":{"minecraft:iron_chestplate":1,"minecraft:iron_leggings":1},"minecraft:killed_by":{"spore:inf_hazmat":2,"spore:thorn":1,"spore:lacerator":1,"spore:inf_player":1},"minecraft:dropped":{"minecraft:nether_brick_stairs":8,"sophisticatedbackpacks:gold_backpack":1,"minecraft:redstone_lamp":1,"minecraft:red_bed":2,"minecraft:iron_door":5,"minecraft:chain":1,"mysticalagriculture:prosperity_shard":6,"minecraft:smooth_stone":6,"minecraft:string":3,"minecraft:bone":2,"minecraft:oak_door":1,"minecraft:dark_oak_sign":1,"minecraft:tinted_glass":2,"born_in_chaos_v1:ethereal_spirit":4,"spore:mutated_fiber":2,"evilcraft:flesh_humanoid":2,"minecraft:flower_pot":1,"mysticalagriculture:inferium_essence":6,"minecraft:quartz_block":25,"minecraft:iron_bars":2,"minecraft:arrow":86,"minecraft:red_tulip":1,"immersiveengineering:seed":3,"minecraft:written_book":1},"minecraft:killed":{"vampirism:vampire":3,"spore:inf_hazmat":10,"minecraft:cave_spider":11,"born_in_chaos_v1:restless_spirit":3,"minecraft:spider":3,"minecraft:skeleton":1,"spore:inf_player":4,"minecraft:creeper":1,"spore:inf_pillager":1,"spore:inf_villager":1,"minecraft:zombie":4,"minecraft:stray":1},"minecraft:mined":{"minecraft:deepslate_tiles":3,"mysticalagriculture:prosperity_ore":2,"spore:fungal_roots":1,"spore:wall_growths_big":20,"spore:wall_growths":15,"minecraft:oak_door":1,"minecraft:red_nether_bricks":1,"minecraft:brewing_stand":2,"minecraft:nether_bricks":4,"spore:fungal_stem":27,"spore:growths_small":32,"spore:rotten_planks":1,"minecraft:spawner":32,"minecraft:smooth_stone":10,"spore:blomfung":37,"spore:rotten_log":1,"minecraft:fire":3,"minecraft:barrel":1,"minecraft:andesite":5,"spore:growth_mycelium":41,"minecraft:nether_brick_stairs":7,"minecraft:gold_block":1,"minecraft:bookshelf":115,"minecraft:iron_bars":8,"spore:zoaholic":1,"minecraft:stone":20,"minecraft:iron_block":9,"minecraft:white_wool":1,"minecraft:quartz_block":12,"spore:growths_big":33,"minecraft:chest":1,"minecraft:lectern":1,"minecraft:cobblestone":2,"minecraft:iron_door":6,"minecraft:chain":1,"minecraft:tinted_glass":6,"spore:bloomfung2":46,"spore:incubator":1,"minecraft:birch_leaves":1,"spore:fungal_stem_top":19,"minecraft:grass":1,"minecraft:coal_ore":2,"minecraft:sand":3,"minecraft:dirt":1,"minecraft:cobweb":8,"minecraft:cracked_stone_bricks":1,"minecraft:stone_bricks":1,"minecraft:oak_leaves":3,"spore:remains":17,"minecraft:deepslate":3},"minecraft:crafted":{"minecraft:oak_planks":32,"minecraft:coal":3,"minecraft:air":235,"minecraft:torch":20},"minecraft:used":{"minecraft:iron_shovel":3,"minecraft:flint_and_steel":12,"minecraft:iron_sword":186,"minecraft:torch":136,"minecraft:dirt":1,"minecraft:iron_axe":373,"evilcraft:flesh_humanoid":1,"minecraft:barrel":1,"minecraft:bow":1,"minecraft:written_book":1,"minecraft:cooked_beef":35,"epicfight:skillbook":4,"minecraft:red_nether_bricks":1,"minecraft:golden_apple":1,"minecraft:diamond_pickaxe":17,"minecraft:iron_pickaxe":129,"hmag:cureberry":1,"minecraft:cobblestone":33}},"DataVersion":3120}