{"stats":{"minecraft:picked_up":{"minecraft:crafting_table":3,"minecraft:wheat":3,"minecraft:clay_ball":36,"farmersdelight:rice_panicle":2,"elevatorid:elevator_black":1,"born_in_chaos_v1:black_argillite":21,"farmersdelight:cutting_board":1,"minecraft:string":5,"minecraft:raw_copper":3,"minecraft:iron_axe":1,"botania:magenta_mystical_flower":1,"immersiveengineering:raw_lead":13,"minecraft:beetroot":4,"thermal:sulfur":26,"quark:pink_blossom_leaves":169,"mysticalagriculture:inferium_essence":1,"quark:blue_blossom_leaves":2,"quark:yellow_blossom_sapling":1,"minecraft:sugar_cane":9,"minecraft:chest":1,"minecraft:birch_sapling":5,"minecraft:furnace":1,"minecraft:egg":24,"minecraft:stick":5,"minecraft:raw_iron":28,"minecraft:composter":2,"minecraft:oak_fence":17,"thermal:raw_lead":2,"minecraft:torch":150,"quark:blossom_log":59,"quark:pink_blossom_sapling":19,"werewolves:raw_silver":9,"minecraft:diorite":32,"minecraft:carrot":37,"minecraft:light_blue_bed":1,"quark:lavender_blossom_sapling":1,"quark:blossom_planks":22,"minecraft:dark_oak_planks":4,"minecraft:rotten_flesh":4,"minecraft:beetroot_seeds":4,"farmersdelight:onion":29,"quark:orange_blossom_sapling":1,"farmersdelight:oak_cabinet":1,"minecraft:cobblestone":315,"minecraft:birch_log":10,"born_in_chaos_v1:corpse_maggot":1,"minecraft:andesite":62,"minecraft:potato":16,"botania:light_gray_mushroom":1,"paraglider:spirit_orb":5,"butchersdelight:deadpig":8,"minecraft:oak_log":8,"minecraft:cobblestone_wall":35,"quark:lavender_blossom_leaves":4,"farmersdelight:skillet":1,"minecraft:lapis_lazuli":48,"minecraft:dirt":1026,"botania:black_mystical_flower":4,"botania:yellow_mushroom":1,"butchersdelight:deadchiken":1,"minecraft:bone":3,"farmersdelight:iron_knife":1,"botania:cyan_mystical_flower":3,"farmersdelight:cooking_pot":1,"minecraft:stonecutter":1,"minecraft:wheat_seeds":23,"botania:purple_mystical_flower":1,"minecraft:iron_ingot":28,"spore:mutated_fiber":6,"minecraft:oak_planks":15,"botania:gray_mystical_flower":2,"eatanomelette:omelette":4,"quark:blue_blossom_sapling":1,"thermal:raw_tin":6,"farmersdelight:basket":3,"minecraft:oak_slab":1,"botania:purple_double_flower":1,"botania:red_mystical_flower":2,"botania:gray_double_flower":2,"minecraft:gravel":10,"minecraft:sand":29,"minecraft:stripped_spruce_log":1,"minecraft:spruce_sapling":2,"minecraft:grass_block":448,"minecraft:dark_oak_log":6,"quark:oak_chest":1,"minecraft:spider_eye":1,"minecraft:iron_hoe":1,"minecraft:pumpkin_seeds":1,"create:crimsite":4,"immersiveengineering:seed":16,"evilcraft:dark_gem":15,"minecraft:granite":20,"minecraft:bone_meal":32,"farmersdelight:rice_bag":4,"minecraft:baked_potato":1,"minecraft:oak_sapling":2,"farmersdelight:stove":2,"minecraft:coal":74},"minecraft:custom":{"lootr:looted_stat":9,"minecraft:mob_kills":7,"minecraft:animals_bred":5,"minecraft:interact_with_crafting_table":47,"minecraft:open_barrel":12,"minecraft:leave_game":3,"minecraft:time_since_death":302252,"minecraft:climb_one_cm":334,"minecraft:sprint_one_cm":2149967,"minecraft:walk_one_cm":913968,"minecraft:drop":9,"minecraft:play_time":302252,"minecraft:sneak_time":28628,"minecraft:walk_under_water_one_cm":9201,"minecraft:jump":1815,"minecraft:walk_on_water_one_cm":8556,"minecraft:total_world_time":302252,"minecraft:interact_with_furnace":6,"minecraft:interact_with_stonecutter":4,"minecraft:sleep_in_bed":3,"minecraft:time_since_rest":23718,"minecraft:open_enderchest":1,"minecraft:damage_taken":790,"minecraft:damage_dealt":2017,"minecraft:swim_one_cm":1618,"minecraft:fly_one_cm":256406,"minecraft:open_chest":90,"minecraft:crouch_one_cm":142829,"tombstone:undead_killed":2,"minecraft:fall_one_cm":23388},"minecraft:broken":{"minecraft:iron_shovel":1},"minecraft:dropped":{"minecraft:wheat_seeds":1,"farmersdelight:skillet":1,"botania:black_mystical_flower":3,"paraglider:spirit_orb":1,"farmersdelight:rice_bag":1,"minecraft:iron_axe":1,"minecraft:filled_map":1,"born_in_chaos_v1:corpse_maggot":1,"minecraft:egg":1},"minecraft:killed":{"minecraft:spider":2,"naturalist:snail":1,"naturalist:snake":1,"born_in_chaos_v1:decrepit_skeleton":2,"born_in_chaos_v1:corpse_fly":1},"minecraft:mined":{"minecraft:dark_oak_planks":4,"farmersdelight:basket":2,"farmersdelight:rice_bag":3,"minecraft:farmland":5,"quark:pink_blossom_sapling":1,"botania:red_mystical_flower":2,"thermal:sulfur_ore":7,"farmersdelight:wild_carrots":4,"minecraft:dark_oak_log":6,"thermal:tin_ore":6,"quark:blue_blossom_leaves":3,"minecraft:granite":20,"minecraft:grass_block":804,"born_in_chaos_v1:black_argillite":21,"minecraft:composter":2,"minecraft:spawner":3,"botania:purple_mystical_flower":1,"botania:magenta_mystical_flower":1,"botania:light_gray_mushroom":1,"minecraft:furnace":1,"minecraft:carrots":1,"quark:pink_blossom_leaves":394,"minecraft:iron_ore":28,"minecraft:andesite":62,"minecraft:stripped_spruce_log":1,"quark:blossom_planks":22,"evilcraft:dark_ore":3,"minecraft:brown_bed":1,"botania:yellow_mushroom":1,"immersiveengineering:ore_lead":13,"minecraft:stone":308,"minecraft:oak_slab":1,"quark:oak_chest":1,"quark:lavender_blossom_leaves":5,"thermal:lead_ore":2,"minecraft:oak_fence":19,"minecraft:crafting_table":3,"minecraft:clay":9,"minecraft:torch":13,"botania:purple_double_flower":1,"minecraft:chest":1,"quark:blossom_log":62,"minecraft:copper_ore":1,"minecraft:glass":1,"minecraft:tall_grass":11,"minecraft:cobblestone":8,"minecraft:deepslate_coal_ore":1,"minecraft:lapis_ore":6,"minecraft:oak_planks":15,"farmersdelight:oak_cabinet":1,"minecraft:sugar_cane":5,"minecraft:diorite":32,"botania:black_mystical_flower":1,"minecraft:wall_torch":3,"botania:cyan_mystical_flower":3,"minecraft:light_blue_bed":1,"minecraft:cobblestone_wall":37,"minecraft:birch_log":10,"minecraft:wheat":2,"minecraft:birch_leaves":2,"minecraft:pumpkin_stem":8,"minecraft:grass":51,"minecraft:coal_ore":68,"minecraft:oak_log":8,"botania:gray_double_flower":2,"minecraft:gravel":10,"minecraft:sand":52,"minecraft:dirt":317,"botania:gray_mystical_flower":2,"minecraft:cobweb":2,"minecraft:stonecutter":1,"elevatorid:elevator_black":1,"create:crimsite":4,"minecraft:oak_leaves":13,"werewolves:silver_ore":9},"minecraft:crafted":{"minecraft:oak_planks":587,"minecraft:coal":20,"minecraft:furnace":3,"minecraft:stone":3,"minecraft:bone_meal":5,"minecraft:oak_trapdoor":4,"minecraft:cobblestone_wall":2,"minecraft:dark_oak_planks":6,"minecraft:oak_fence":153,"minecraft:oak_slab":72,"minecraft:wooden_shovel":1,"quark:blossom_planks":59,"quark:vertical_oak_planks":3,"minecraft:crafting_table":3,"minecraft:bowl":4,"minecraft:air":629,"minecraft:oak_fence_gate":3,"minecraft:diamond_pickaxe":1,"minecraft:stick":187,"quark:oak_chest":18,"minecraft:iron_shovel":2,"minecraft:stonecutter":1,"minecraft:torch":181,"farmersdelight:oak_cabinet":2,"minecraft:shears":1},"minecraft:used":{"minecraft:oak_fence":124,"minecraft:iron_shovel":1171,"farmersdelight:cabbage_seeds":8,"farmersdelight:stove":2,"minecraft:iron_sword":36,"minecraft:wooden_shovel":14,"farmersdelight:rice_bag":3,"minecraft:torch":731,"minecraft:dirt":859,"quark:yellow_blossom_sapling":1,"elevatorid:elevator_black":3,"minecraft:cobblestone_wall":272,"minecraft:carrot":22,"quark:lavender_blossom_sapling":1,"minecraft:oak_fence_gate":3,"minecraft:iron_hoe":136,"minecraft:dark_oak_planks":12,"farmersdelight:oak_cabinet":3,"minecraft:grass_block":911,"minecraft:iron_axe":292,"minecraft:chicken_spawn_egg":4,"eatanomelette:omelette":2,"minecraft:light_blue_bed":1,"quark:blue_blossom_sapling":1,"farmersdelight:basket":3,"farmersdelight:cutting_board":1,"minecraft:furnace":4,"minecraft:beetroot_seeds":8,"farmersdelight:cooking_pot":1,"quark:blossom_planks":253,"minecraft:cooked_beef":8,"minecraft:potato":8,"farmersdelight:tomato_seeds":8,"quark:pink_blossom_sapling":4,"quark:orange_blossom_sapling":1,"minecraft:wheat_seeds":10,"farmersdelight:iron_knife":1,"minecraft:water_bucket":14,"minecraft:cow_spawn_egg":2,"minecraft:baked_potato":1,"minecraft:oak_planks":15,"minecraft:stonecutter":2,"minecraft:composter":2,"minecraft:sheep_spawn_egg":2,"minecraft:sugar_cane":4,"farmersdelight:onion":16,"minecraft:sand":7,"minecraft:oak_slab":51,"minecraft:crafting_table":5,"farmersdelight:rice":8,"minecraft:shears":193,"minecraft:pumpkin_seeds":8,"minecraft:diamond_pickaxe":87,"minecraft:apple":3,"minecraft:iron_pickaxe":562,"minecraft:cobblestone":68,"minecraft:bucket":14,"minecraft:birch_log":3,"quark:oak_chest":19,"minecraft:bone_meal":45}},"DataVersion":3120}