{"stats":{"minecraft:picked_up":{"spore:mutated_heart":1,"minecraft:wheat":13,"minecraft:redstone_block":32,"minecraft:smithing_table":1,"minecraft:brown_bed":1,"minecraft:enchanted_book":17,"minecraft:potion":18,"immersiveengineering:blastbrick":27,"minecraft:brewing_stand":4,"born_in_chaos_v1:black_argillite":3,"minecraft:lapis_block":32,"minecraft:string":21,"minecraft:raw_copper":37,"minecraft:netherite_ingot":2,"minecraft:pufferfish":7,"vampirism:obi_belt":1,"mysticalagriculture:inferium_essence":5,"minecraft:gold_nugget":52,"minecraft:cobbled_deepslate":130,"minecraft:cobblestone_slab":4,"minecraft:rose_bush":4,"minecraft:iron_pickaxe":4,"minecraft:enchanted_golden_apple":1,"hmag:golden_tropical_fish":1,"minecraft:coal_block":31,"minecraft:iron_boots":2,"farmersdelight:cabbage_seeds":32,"minecraft:furnace":1,"botania:lexicon":1,"minecraft:golden_helmet":1,"minecraft:tipped_arrow":3,"minecraft:stick":6,"minecraft:torch":40,"epicfight:skillbook":2,"born_in_chaos_v1:pileof_dark_metal":2,"vampirism:vampire_fang":1,"tombstone:grave_dust":40,"minecraft:diorite":11,"born_in_chaos_v1:black_argillite_brick_stairs":1,"minecraft:golden_chestplate":1,"minecraft:cauldron":1,"immersiveengineering:fluid_pipe":6,"quark:ancient_tome":1,"minecraft:quartz_block":3,"vampirism:blood_bottle":2,"minecraft:rotten_flesh":8,"minecraft:tropical_fish":2,"vampirism:hunter_coat_feet_ultimate":1,"farmersdelight:rope":21,"evilcraft:condensed_blood":6,"minecraft:iron_bars":18,"minecraft:obsidian":24,"minecraft:cod":32,"hmag:spectral_soup":3,"minecraft:blaze_powder":3,"minecraft:cobblestone":179,"minecraft:cooked_beef":64,"farmersdelight:rice":32,"minecraft:water_bucket":2,"minecraft:andesite":30,"minecraft:potato":3,"paraglider:spirit_orb":44,"minecraft:flint":1,"create:raw_zinc":1,"born_in_chaos_v1:black_argillite_button":1,"minecraft:lapis_lazuli":5,"immersiveengineering:connector_lv_relay":9,"minecraft:dirt":47,"minecraft:polished_granite":1,"minecraft:leather_boots":13,"immersiveengineering:hemp_fiber":211,"minecraft:bone":10,"minecraft:wheat_seeds":38,"minecraft:deepslate_brick_slab":1,"minecraft:raw_gold":256,"advancednetherite:netherite_iron_pickaxe":1,"minecraft:oak_planks":241,"thermal:raw_tin":4,"spore:cerebrum":1,"immersiveengineering:raw_uranium":25,"hmag:soul_powder":10,"immersiveengineering:raw_aluminum":50,"minecraft:sand":390,"minecraft:lily_of_the_valley":2,"minecraft:bundle":2,"minecraft:clay":128,"born_in_chaos_v1:fire_dust":17,"minecraft:diamond":48,"minecraft:lever":3,"minecraft:crimson_roots":1,"minecraft:netherrack":2,"minecraft:diamond_pickaxe":1,"minecraft:granite":28,"minecraft:bone_meal":13,"minecraft:golden_apple":1,"minecraft:bread":9,"minecraft:golden_horse_armor":2,"minecraft:emerald":2,"minecraft:bricks":2,"spore:spine_fragment":2,"minecraft:oak_sapling":5,"immersiveengineering:conveyor_basic":3,"sophisticatedbackpacks:gold_backpack":1,"minecraft:charcoal":12,"minecraft:crafting_table":1,"mysticalagriculture:soulstone_cobble":12,"minecraft:golden_pickaxe":1,"born_in_chaos_v1:river_mint":6,"minecraft:clay_ball":458,"immersiveengineering:coal_coke":32,"minecraft:brown_mushroom":3,"tconstruct:materials_and_you":1,"minecraft:gold_block":1,"minecraft:diamond_horse_armor":1,"minecraft:brick":26,"minecraft:shield":3,"immersiveengineering:manual":1,"born_in_chaos_v1:black_argillite_column":4,"minecraft:iron_shovel":2,"immersiveengineering:windmill":3,"farmersdelight:cod_slice":24,"minecraft:iron_nugget":46,"minecraft:sugar_cane":15,"minecraft:chest":3,"minecraft:phantom_membrane":21,"tombstone:ankh_of_pray":1,"minecraft:raw_iron":41,"minecraft:raw_gold_block":32,"minecraft:oak_door":3,"evilcraft:origins_of_darkness":3,"minecraft:bowl":17,"minecraft:fire_charge":3,"werewolves:raw_silver":1,"farmersdelight:tomato_seeds":39,"minecraft:carrot":12,"botania:black_lotus":1,"tombstone:lost_tablet":2,"minecraft:arrow":18,"minecraft:beetroot_seeds":35,"minecraft:deepslate_bricks":1,"tombstone:fishing_rod_of_misadventure":4,"tombstone:essence_of_undeath":16,"minecraft:gold_ingot":34,"minecraft:white_wool":2,"born_in_chaos_v1:corpse_maggot":1,"immersiveengineering:connector_lv":16,"minecraft:tripwire_hook":4,"minecraft:salmon":3,"minecraft:leather":17,"minecraft:filled_map":1,"immersiveengineering:dynamo":3,"werewolves:dream_catcher":1,"minecraft:oak_log":192,"minecraft:lily_pad":11,"farmersdelight:salmon_slice":2,"minecraft:gunpowder":25,"tombstone:voodoo_poppet":1,"immersiveengineering:treated_wood_horizontal":3,"minecraft:paper":18,"immersiveengineering:cokebrick":27,"minecraft:apple":7,"minecraft:stone_bricks":4,"tconstruct:sky_slime_grass_seeds":3,"guideapi_vp:vampirism-guidebook":1,"born_in_chaos_v1:smoked_flesh":3,"minecraft:iron_ingot":59,"born_in_chaos_v1:chipped_black_argillite_brick":1,"tombstone:bag_of_seeds":1,"spore:mutated_fiber":17,"minecraft:iron_sword":1,"minecraft:book":12,"minecraft:raw_iron_block":32,"minecraft:gravel":130,"epicfight:uchigatana":1,"quark:oak_chest":2,"minecraft:spider_eye":3,"minecraft:diamond_shovel":1,"minecraft:pumpkin_seeds":2,"minecraft:slime_ball":6,"immersiveengineering:seed":121,"immersiveengineering:wirecoil_copper":12,"tombstone:scroll_of_knowledge":1,"tombstone:magic_scroll":1,"minecraft:damaged_anvil":3,"minecraft:coal":71,"immersiveengineering:dust_iron":3},"minecraft:custom":{"lootr:looted_stat":64,"minecraft:interact_with_crafting_table":98,"minecraft:open_barrel":11,"minecraft:leave_game":2,"minecraft:time_since_death":101258,"minecraft:sprint_one_cm":1393282,"minecraft:damage_blocked_by_shield":565,"minecraft:drop":281,"minecraft:talked_to_villager":1,"minecraft:play_time":290072,"minecraft:deaths":1,"minecraft:jump":1504,"minecraft:walk_on_water_one_cm":21544,"minecraft:interact_with_furnace":84,"minecraft:traded_with_villager":8,"tombstone:trade_grave_guardian":8,"minecraft:sleep_in_bed":3,"minecraft:open_enderchest":4,"minecraft:damage_dealt":4143,"tombstone:use_disenchantment":4,"minecraft:crouch_one_cm":166178,"tombstone:undead_killed":12,"minecraft:horse_one_cm":769,"minecraft:interact_with_smithing_table":2,"minecraft:mob_kills":21,"minecraft:interact_with_anvil":10,"minecraft:climb_one_cm":991,"minecraft:walk_one_cm":1042255,"tombstone:consume_soul":5,"minecraft:sneak_time":23457,"minecraft:walk_under_water_one_cm":7419,"minecraft:total_world_time":290072,"minecraft:time_since_rest":101063,"minecraft:damage_absorbed":31,"minecraft:damage_taken":1917,"minecraft:swim_one_cm":49606,"minecraft:fly_one_cm":672108,"minecraft:open_chest":665,"minecraft:fish_caught":44,"minecraft:fall_one_cm":37690},"minecraft:killed_by":{"spore:busser":1},"minecraft:dropped":{"minecraft:iron_sword":1,"minecraft:brown_mushroom":3,"minecraft:lapis_lazuli":5,"minecraft:golden_pickaxe":1,"minecraft:chest_minecart":2,"born_in_chaos_v1:pileof_dark_metal":2,"immersiveengineering:fluid_pipe":6,"minecraft:rail":6,"vampirism:hunter_coat_feet_ultimate":1,"minecraft:cod":20,"paraglider:spirit_orb":22,"minecraft:emerald":7,"minecraft:dirt":11,"tombstone:bag_of_seeds":1,"hmag:spectral_soup":3,"minecraft:gold_nugget":52,"minecraft:bone_meal":1,"minecraft:furnace_minecart":1,"minecraft:phantom_membrane":21,"minecraft:sand":70,"minecraft:iron_pickaxe":2,"minecraft:white_wool":2,"quark:ancient_tome":1,"thermal:raw_tin":4,"minecraft:gold_ingot":34,"minecraft:bone":10,"minecraft:cauldron":1,"minecraft:gravel":1,"minecraft:iron_nugget":45,"minecraft:golden_chestplate":1,"born_in_chaos_v1:fire_dust":17,"minecraft:cobbled_deepslate":50,"minecraft:wheat":21,"minecraft:obsidian":13,"minecraft:rotten_flesh":4,"vampirism:blood_bottle":1,"born_in_chaos_v1:smoked_flesh":3,"minecraft:enchanted_golden_apple":1,"minecraft:diamond_shovel":1,"minecraft:blaze_powder":3,"minecraft:carrot":2,"minecraft:salmon":2,"werewolves:dream_catcher":1,"minecraft:tipped_arrow":3,"minecraft:gunpowder":25,"vampirism:vampire_fang":1,"minecraft:charcoal":12,"minecraft:quartz_block":3,"mysticalagriculture:inferium_essence":3,"minecraft:beetroot_seeds":3,"immersiveengineering:slag":61,"minecraft:leather_boots":5,"farmersdelight:rope":21,"minecraft:iron_bars":10,"minecraft:arrow":18,"immersiveengineering:seed":158,"botania:black_lotus":1,"minecraft:enchanted_book":4,"farmersdelight:tomato_seeds":11,"minecraft:water_bucket":2,"minecraft:iron_ingot":19,"minecraft:bread":9,"minecraft:wheat_seeds":2,"minecraft:golden_helmet":1,"minecraft:minecart":2,"minecraft:golden_horse_armor":2,"evilcraft:condensed_blood":6,"minecraft:cobblestone":55,"minecraft:book":6,"minecraft:apple":7,"minecraft:granite":5,"minecraft:tropical_fish":2,"minecraft:grass_block":7,"minecraft:coal":12,"minecraft:golden_apple":1,"tombstone:ankh_of_pray":1,"minecraft:pufferfish":7,"minecraft:diamond_horse_armor":1,"minecraft:brewing_stand":2,"tombstone:magic_scroll":1,"farmersdelight:cooked_cod_slice":22,"hmag:golden_tropical_fish":1,"minecraft:rose_bush":4,"tconstruct:sky_slime_grass_seeds":3,"minecraft:map":1,"minecraft:potion":18,"minecraft:fire_charge":3,"tombstone:fishing_rod_of_misadventure":1,"tombstone:lost_tablet":1,"minecraft:iron_shovel":3,"minecraft:paper":18,"minecraft:string":21,"minecraft:lily_pad":11,"minecraft:tripwire_hook":4,"minecraft:bricks":2,"hmag:soul_powder":5,"epicfight:uchigatana":1,"minecraft:bowl":15,"vampirism:obi_belt":1,"minecraft:raw_iron":150,"minecraft:clay_ball":202,"minecraft:iron_boots":2,"evilcraft:origins_of_darkness":3,"minecraft:pumpkin_seeds":2,"minecraft:lily_of_the_valley":2,"minecraft:deepslate_bricks":2,"minecraft:filled_map":2,"minecraft:potato":5,"minecraft:shield":3,"botania:lexicon":1,"minecraft:bundle":1,"minecraft:diamond_pickaxe":1,"minecraft:andesite":15,"minecraft:oak_sapling":5,"minecraft:stone_bricks":2,"minecraft:spider_eye":10,"minecraft:slime_ball":6,"minecraft:raw_gold":543,"epicfight:skillbook":2,"minecraft:brick":26},"minecraft:killed":{"minecraft:cave_spider":1,"vampirism:advanced_vampire":1,"minecraft:spider":2,"minecraft:skeleton":1,"minecraft:creeper":1,"minecraft:zombie":5,"minecraft:stray":2,"born_in_chaos_v1:maggot":3,"hmag:ghost":3,"minecraft:wither_skeleton":1,"spore:slasher":1},"minecraft:mined":{"thermal:deepslate_tin_ore":4,"minecraft:brewing_stand":2,"minecraft:obsidian":11,"minecraft:granite":24,"minecraft:grass_block":9,"minecraft:coal_block":1,"minecraft:spawner":16,"immersiveengineering:deepslate_ore_uranium":10,"minecraft:magma_block":1,"minecraft:mossy_cobblestone_stairs":4,"minecraft:iron_ore":11,"born_in_chaos_v1:black_argillite_brick_stairs":1,"minecraft:brown_bed":1,"immersiveengineering:connector_lv":7,"minecraft:iron_bars":14,"minecraft:quartz_block":6,"minecraft:crimson_nylium":2,"minecraft:clay":64,"minecraft:torch":3,"minecraft:chest":3,"minecraft:cobblestone":5,"minecraft:oak_planks":181,"minecraft:sugar_cane":6,"minecraft:damaged_anvil":3,"minecraft:bricks":2,"born_in_chaos_v1:river_mint":3,"minecraft:stone_brick_stairs":1,"minecraft:grass":13,"minecraft:sand":166,"minecraft:dirt":35,"immersiveengineering:conveyor_basic":3,"minecraft:oak_leaves":1,"werewolves:silver_ore":1,"minecraft:deepslate":130,"create:zinc_ore":1,"minecraft:diamond_ore":5,"mysticalagriculture:soulstone":14,"minecraft:mossy_cobblestone":2,"minecraft:deepslate_diamond_ore":6,"minecraft:oak_door":2,"farmersdelight:wild_carrots":11,"minecraft:lever":3,"immersiveengineering:windmill":2,"born_in_chaos_v1:black_argillite":3,"born_in_chaos_v1:black_argillite_column":4,"minecraft:deepslate_brick_slab":1,"immersiveengineering:dynamo":2,"minecraft:furnace":1,"minecraft:carrots":1,"immersiveengineering:hemp":46,"immersiveengineering:treated_wood_horizontal":3,"minecraft:andesite":22,"minecraft:gold_block":1,"minecraft:mossy_stone_brick_stairs":2,"minecraft:bookshelf":2,"minecraft:cobblestone_slab":4,"minecraft:deepslate_iron_ore":4,"minecraft:vine":1,"minecraft:stone":154,"immersiveengineering:ore_aluminum":19,"minecraft:smithing_table":1,"quark:oak_chest":2,"minecraft:polished_granite":1,"minecraft:crafting_table":1,"minecraft:copper_ore":5,"born_in_chaos_v1:chipped_black_argillite_brick":1,"minecraft:diorite":11,"immersiveengineering:connector_lv_relay":1,"minecraft:coal_ore":34,"minecraft:gravel":2,"minecraft:stone_bricks":6,"minecraft:mossy_stone_bricks":2},"minecraft:crafted":{"minecraft:brick":64,"minecraft:oak_planks":224,"immersiveengineering:hammer":2,"minecraft:cobblestone_slab":12,"immersiveengineering:hemp_fabric":48,"immersiveengineering:slab_sheetmetal_iron":6,"immersiveengineering:fluid_pipe":16,"immersiveengineering:manual":1,"minecraft:stone":32,"minecraft:lever":2,"immersiveengineering:steel_scaffolding_standard":12,"immersiveengineering:sheetmetal_iron":28,"immersiveengineering:stick_steel":7,"immersiveengineering:workbench":1,"immersiveengineering:cloche":3,"minecraft:glass":32,"minecraft:hopper":9,"minecraft:diamond_helmet":1,"minecraft:diamond_leggings":1,"immersiveengineering:light_engineering":12,"minecraft:chest":17,"immersiveengineering:treated_wood_horizontal":80,"minecraft:bricks":8,"immersiveengineering:ingot_aluminum":50,"farmersdelight:stove":2,"farmersdelight:cooked_salmon_slice":2,"minecraft:wooden_shovel":2,"immersiveengineering:metal_barrel":1,"minecraft:cauldron":1,"minecraft:crafting_table":3,"tombstone:decorative_grave_simple":9,"immersiveengineering:slab_treated_wood_horizontal":6,"immersiveengineering:windmill":1,"minecraft:smithing_table":1,"immersiveengineering:windmill_sail":8,"immersiveengineering:wire_copper":13,"minecraft:copper_ingot":37,"minecraft:campfire":2,"farmersdelight:cutting_board":1,"minecraft:paper":9,"minecraft:diamond_pickaxe":2,"minecraft:stick":90,"quark:oak_chest":39,"minecraft:iron_ingot":333,"minecraft:gold_ingot":28,"immersiveengineering:stick_treated":44,"minecraft:deepslate_bricks":64,"minecraft:shears":1,"immersiveengineering:plate_copper":13,"tombstone:book_of_disenchantment":5,"immersiveengineering:wirecoil_copper":12,"minecraft:oak_door":3,"minecraft:raw_iron":32,"minecraft:redstone":1,"minecraft:coal":32,"farmersdelight:cod_roll":1,"minecraft:furnace":1,"minecraft:bone_meal":22,"minecraft:flint_and_steel":1,"minecraft:polished_deepslate":64,"immersiveengineering:wirecutter":1,"immersiveengineering:coil_lv":1,"farmersdelight:rice":44,"minecraft:diamond_boots":1,"immersiveengineering:dynamo":1,"immersiveengineering:treated_fence":3,"immersiveengineering:component_iron":18,"minecraft:coal_block":10,"advancednetherite:netherite_iron_ingot":1,"tombstone:grave_dust":10,"immersiveengineering:rs_engineering":4,"immersiveengineering:windmill_blade":9,"minecraft:deepslate_brick_slab":126,"minecraft:bowl":16,"tombstone:ankh_of_pray":1,"farmersdelight:cooking_pot":2,"immersiveengineering:blueprint":1,"minecraft:air":1701,"minecraft:blue_dye":3,"farmersdelight:cooked_cod_slice":22,"minecraft:raw_gold":34,"immersiveengineering:conveyor_basic":8,"tombstone:dark_marble":27,"immersiveengineering:plate_iron":114,"farmersdelight:diamond_knife":1,"minecraft:torch":30,"immersiveengineering:steel_fence":9,"minecraft:lapis_lazuli":1,"minecraft:diamond_chestplate":1,"immersiveengineering:craftingtable":1},"minecraft:used":{"advancednetherite:netherite_iron_pickaxe":98,"minecraft:iron_shovel":261,"immersiveengineering:seed":117,"minecraft:chest":11,"farmersdelight:stove":2,"minecraft:shield":13,"minecraft:carrot":75,"immersiveengineering:treated_wood_horizontal":3,"minecraft:deepslate_brick_slab":100,"immersiveengineering:connector_lv":14,"immersiveengineering:cokebrick":27,"minecraft:obsidian":10,"immersiveengineering:rs_engineering":1,"tombstone:decorative_grave_simple":9,"immersiveengineering:windmill":4,"immersiveengineering:connector_lv_relay":2,"minecraft:grass_block":505,"minecraft:iron_helmet":1,"minecraft:stone_bricks":2,"farmersdelight:cutting_board":1,"minecraft:furnace":2,"epicfight:skillbook":4,"minecraft:damaged_anvil":3,"minecraft:oak_planks":181,"minecraft:ender_pearl":1,"minecraft:clay":64,"minecraft:sugar_cane":2,"minecraft:golden_apple":1,"minecraft:lever":4,"immersiveengineering:hammer":12,"minecraft:polished_granite":1,"minecraft:gravel":1,"minecraft:coal_block":1,"minecraft:smithing_table":1,"minecraft:andesite":7,"immersiveengineering:wirecoil_copper":20,"minecraft:bone_meal":66,"minecraft:experience_bottle":5,"immersiveengineering:conveyor_basic":6,"minecraft:flint_and_steel":1,"minecraft:iron_bars":8,"tombstone:fishing_rod_of_misadventure":110,"minecraft:oak_door":2,"minecraft:torch":200,"minecraft:dirt":7,"elevatorid:elevator_black":2,"minecraft:hopper":9,"immersiveengineering:metal_barrel":1,"immersiveengineering:fluid_pipe":10,"minecraft:iron_hoe":84,"immersiveengineering:steel_fence":8,"tombstone:ankh_of_pray":2,"born_in_chaos_v1:chipped_black_argillite_brick":1,"born_in_chaos_v1:black_argillite_button":1,"immersiveengineering:workbench":1,"minecraft:iron_axe":250,"farmersdelight:cooking_pot":2,"tombstone:gift":3,"immersiveengineering:blastbrick":27,"minecraft:cooked_beef":1,"minecraft:brown_bed":1,"immersiveengineering:dynamo":4,"immersiveengineering:cloche":3,"minecraft:water_bucket":5,"minecraft:cobblestone_slab":12,"born_in_chaos_v1:black_argillite_brick_stairs":1,"minecraft:crafting_table":2,"born_in_chaos_v1:black_argillite_column":4,"minecraft:iron_pickaxe":477,"immersiveengineering:light_engineering":10,"minecraft:cobblestone":38,"minecraft:bucket":43,"quark:oak_chest":16,"immersiveengineering:steel_scaffolding_standard":10}},"DataVersion":3120}