{"stats":{"minecraft:picked_up":{"spore:mutated_heart":1,"minecraft:redstone_block":32,"minecraft:smithing_table":1,"minecraft:brown_bed":1,"minecraft:enchanted_book":13,"minecraft:potion":4,"immersiveengineering:blastbrick":27,"born_in_chaos_v1:black_argillite":3,"minecraft:lapis_block":32,"minecraft:string":3,"minecraft:raw_copper":37,"minecraft:netherite_ingot":2,"minecraft:pufferfish":7,"mysticalagriculture:inferium_essence":2,"minecraft:cobbled_deepslate":130,"minecraft:cobblestone_slab":4,"minecraft:iron_pickaxe":1,"minecraft:coal_block":31,"farmersdelight:cabbage_seeds":32,"minecraft:furnace":1,"minecraft:stick":6,"minecraft:torch":39,"tombstone:grave_dust":34,"minecraft:diorite":11,"born_in_chaos_v1:black_argillite_brick_stairs":1,"minecraft:rotten_flesh":6,"minecraft:tropical_fish":2,"minecraft:cod":30,"minecraft:cobblestone":157,"minecraft:cooked_beef":64,"farmersdelight:rice":32,"minecraft:andesite":22,"paraglider:spirit_orb":2,"minecraft:flint":1,"create:raw_zinc":1,"born_in_chaos_v1:black_argillite_button":1,"immersiveengineering:connector_lv_relay":9,"minecraft:dirt":43,"minecraft:leather_boots":11,"immersiveengineering:hemp_fiber":211,"minecraft:bone":7,"minecraft:wheat_seeds":38,"minecraft:deepslate_brick_slab":1,"advancednetherite:netherite_iron_pickaxe":1,"minecraft:oak_planks":241,"thermal:raw_tin":4,"spore:cerebrum":1,"immersiveengineering:raw_uranium":25,"immersiveengineering:raw_aluminum":50,"minecraft:sand":326,"minecraft:bundle":1,"minecraft:clay":128,"minecraft:diamond":48,"minecraft:lever":3,"minecraft:granite":24,"minecraft:bone_meal":13,"spore:spine_fragment":2,"immersiveengineering:conveyor_basic":3,"sophisticatedbackpacks:gold_backpack":1,"minecraft:crafting_table":1,"born_in_chaos_v1:river_mint":6,"minecraft:clay_ball":256,"immersiveengineering:coal_coke":32,"tconstruct:materials_and_you":1,"born_in_chaos_v1:black_argillite_column":4,"immersiveengineering:manual":1,"immersiveengineering:windmill":3,"farmersdelight:cod_slice":24,"minecraft:iron_nugget":1,"minecraft:sugar_cane":15,"minecraft:chest":3,"minecraft:raw_iron":41,"minecraft:raw_gold_block":32,"minecraft:oak_door":3,"minecraft:bowl":6,"werewolves:raw_silver":1,"farmersdelight:tomato_seeds":32,"minecraft:carrot":12,"tombstone:lost_tablet":1,"minecraft:beetroot_seeds":32,"minecraft:deepslate_bricks":1,"tombstone:fishing_rod_of_misadventure":3,"tombstone:essence_of_undeath":16,"immersiveengineering:connector_lv":16,"minecraft:tripwire_hook":4,"minecraft:salmon":2,"minecraft:leather":17,"immersiveengineering:dynamo":3,"minecraft:oak_log":192,"minecraft:lily_pad":11,"farmersdelight:salmon_slice":2,"tombstone:voodoo_poppet":1,"immersiveengineering:treated_wood_horizontal":3,"immersiveengineering:cokebrick":27,"guideapi_vp:vampirism-guidebook":1,"minecraft:iron_ingot":40,"born_in_chaos_v1:chipped_black_argillite_brick":1,"spore:mutated_fiber":17,"minecraft:raw_iron_block":32,"minecraft:gravel":129,"quark:oak_chest":2,"immersiveengineering:seed":121,"immersiveengineering:wirecoil_copper":12,"tombstone:scroll_of_knowledge":1,"minecraft:damaged_anvil":3,"minecraft:coal":58,"immersiveengineering:dust_iron":3},"minecraft:custom":{"lootr:looted_stat":22,"minecraft:interact_with_crafting_table":90,"minecraft:open_barrel":11,"minecraft:leave_game":2,"minecraft:time_since_death":53886,"minecraft:sprint_one_cm":928223,"minecraft:drop":116,"minecraft:talked_to_villager":1,"minecraft:play_time":242700,"minecraft:deaths":1,"minecraft:jump":1313,"minecraft:walk_on_water_one_cm":17320,"minecraft:interact_with_furnace":81,"minecraft:traded_with_villager":2,"tombstone:trade_grave_guardian":2,"minecraft:sleep_in_bed":3,"minecraft:open_enderchest":4,"minecraft:damage_dealt":365,"minecraft:crouch_one_cm":145012,"minecraft:horse_one_cm":769,"minecraft:interact_with_smithing_table":2,"minecraft:interact_with_anvil":10,"minecraft:mob_kills":1,"minecraft:walk_one_cm":907603,"tombstone:consume_soul":1,"minecraft:sneak_time":18903,"minecraft:walk_under_water_one_cm":6317,"minecraft:total_world_time":242700,"minecraft:time_since_rest":53691,"minecraft:damage_taken":985,"minecraft:swim_one_cm":48682,"minecraft:fly_one_cm":584775,"minecraft:open_chest":563,"minecraft:fish_caught":41,"minecraft:fall_one_cm":30440},"minecraft:killed_by":{"spore:busser":1},"minecraft:dropped":{"minecraft:chest_minecart":2,"minecraft:rail":6,"minecraft:cod":18,"minecraft:emerald":5,"minecraft:dirt":8,"minecraft:bone_meal":1,"minecraft:furnace_minecart":1,"minecraft:sand":6,"minecraft:bone":7,"thermal:raw_tin":4,"minecraft:cobbled_deepslate":50,"minecraft:wheat":8,"minecraft:rotten_flesh":4,"minecraft:carrot":2,"minecraft:salmon":1,"mysticalagriculture:inferium_essence":1,"immersiveengineering:slag":61,"minecraft:leather_boots":3,"immersiveengineering:seed":158,"farmersdelight:tomato_seeds":4,"minecraft:wheat_seeds":2,"minecraft:minecart":2,"minecraft:cobblestone":34,"minecraft:granite":1,"minecraft:tropical_fish":2,"minecraft:grass_block":7,"minecraft:pufferfish":7,"farmersdelight:cooked_cod_slice":22,"minecraft:map":1,"minecraft:potion":4,"minecraft:string":3,"minecraft:tripwire_hook":4,"minecraft:lily_pad":11,"minecraft:bowl":4,"minecraft:raw_iron":150,"minecraft:deepslate_bricks":2,"minecraft:filled_map":1,"minecraft:potato":2,"minecraft:bundle":1,"minecraft:andesite":7,"minecraft:spider_eye":7,"minecraft:raw_gold":31},"minecraft:killed":{"spore:slasher":1},"minecraft:mined":{"thermal:deepslate_tin_ore":4,"minecraft:granite":24,"minecraft:grass_block":7,"minecraft:coal_block":1,"minecraft:spawner":1,"immersiveengineering:deepslate_ore_uranium":10,"minecraft:iron_ore":11,"born_in_chaos_v1:black_argillite_brick_stairs":1,"minecraft:brown_bed":1,"immersiveengineering:connector_lv":7,"minecraft:clay":64,"minecraft:torch":3,"minecraft:chest":3,"minecraft:cobblestone":4,"minecraft:sugar_cane":6,"minecraft:oak_planks":181,"minecraft:damaged_anvil":3,"born_in_chaos_v1:river_mint":3,"minecraft:grass":13,"minecraft:sand":166,"minecraft:dirt":35,"immersiveengineering:conveyor_basic":3,"werewolves:silver_ore":1,"minecraft:deepslate":130,"create:zinc_ore":1,"minecraft:diamond_ore":5,"minecraft:deepslate_diamond_ore":6,"minecraft:oak_door":2,"farmersdelight:wild_carrots":11,"minecraft:lever":3,"immersiveengineering:windmill":2,"born_in_chaos_v1:black_argillite":3,"born_in_chaos_v1:black_argillite_column":4,"minecraft:deepslate_brick_slab":1,"immersiveengineering:dynamo":2,"minecraft:furnace":1,"minecraft:carrots":1,"immersiveengineering:hemp":46,"immersiveengineering:treated_wood_horizontal":3,"minecraft:andesite":22,"minecraft:deepslate_iron_ore":4,"minecraft:cobblestone_slab":4,"minecraft:stone":154,"immersiveengineering:ore_aluminum":19,"minecraft:smithing_table":1,"quark:oak_chest":2,"minecraft:crafting_table":1,"minecraft:copper_ore":5,"born_in_chaos_v1:chipped_black_argillite_brick":1,"minecraft:diorite":11,"immersiveengineering:connector_lv_relay":1,"minecraft:coal_ore":34,"minecraft:gravel":2},"minecraft:crafted":{"minecraft:brick":64,"minecraft:oak_planks":96,"immersiveengineering:hammer":2,"minecraft:cobblestone_slab":12,"immersiveengineering:hemp_fabric":48,"immersiveengineering:slab_sheetmetal_iron":6,"immersiveengineering:fluid_pipe":16,"immersiveengineering:manual":1,"minecraft:stone":32,"minecraft:lever":2,"immersiveengineering:steel_scaffolding_standard":12,"immersiveengineering:sheetmetal_iron":28,"immersiveengineering:workbench":1,"immersiveengineering:stick_steel":7,"immersiveengineering:cloche":3,"minecraft:glass":32,"minecraft:hopper":9,"immersiveengineering:light_engineering":12,"minecraft:chest":17,"immersiveengineering:treated_wood_horizontal":80,"minecraft:bricks":8,"immersiveengineering:ingot_aluminum":50,"farmersdelight:stove":2,"farmersdelight:cooked_salmon_slice":2,"minecraft:wooden_shovel":2,"immersiveengineering:metal_barrel":1,"minecraft:cauldron":1,"minecraft:crafting_table":3,"immersiveengineering:slab_treated_wood_horizontal":6,"tombstone:decorative_grave_simple":9,"immersiveengineering:windmill":1,"minecraft:smithing_table":1,"immersiveengineering:windmill_sail":8,"immersiveengineering:wire_copper":13,"minecraft:copper_ingot":37,"minecraft:campfire":2,"farmersdelight:cutting_board":1,"minecraft:paper":9,"minecraft:diamond_pickaxe":1,"minecraft:stick":90,"quark:oak_chest":21,"minecraft:iron_ingot":333,"minecraft:gold_ingot":27,"immersiveengineering:stick_treated":44,"minecraft:deepslate_bricks":64,"minecraft:shears":1,"immersiveengineering:plate_copper":13,"immersiveengineering:wirecoil_copper":12,"minecraft:oak_door":3,"minecraft:redstone":1,"minecraft:raw_iron":32,"minecraft:coal":32,"farmersdelight:cod_roll":1,"minecraft:furnace":1,"minecraft:bone_meal":22,"minecraft:flint_and_steel":1,"minecraft:polished_deepslate":64,"immersiveengineering:wirecutter":1,"immersiveengineering:coil_lv":1,"farmersdelight:rice":44,"immersiveengineering:dynamo":1,"immersiveengineering:treated_fence":3,"immersiveengineering:component_iron":18,"minecraft:coal_block":10,"advancednetherite:netherite_iron_ingot":1,"tombstone:grave_dust":2,"immersiveengineering:rs_engineering":4,"immersiveengineering:windmill_blade":9,"minecraft:deepslate_brick_slab":126,"minecraft:bowl":16,"tombstone:ankh_of_pray":1,"farmersdelight:cooking_pot":2,"immersiveengineering:blueprint":1,"minecraft:air":1692,"minecraft:blue_dye":3,"farmersdelight:cooked_cod_slice":22,"minecraft:raw_gold":34,"immersiveengineering:conveyor_basic":8,"tombstone:dark_marble":27,"immersiveengineering:plate_iron":114,"farmersdelight:diamond_knife":1,"minecraft:torch":30,"immersiveengineering:steel_fence":9,"minecraft:lapis_lazuli":1,"immersiveengineering:craftingtable":1},"minecraft:used":{"advancednetherite:netherite_iron_pickaxe":84,"minecraft:iron_shovel":261,"immersiveengineering:seed":117,"minecraft:chest":11,"farmersdelight:stove":2,"minecraft:carrot":35,"immersiveengineering:treated_wood_horizontal":3,"minecraft:deepslate_brick_slab":100,"immersiveengineering:connector_lv":14,"immersiveengineering:cokebrick":27,"immersiveengineering:rs_engineering":1,"tombstone:decorative_grave_simple":9,"immersiveengineering:windmill":4,"immersiveengineering:connector_lv_relay":2,"minecraft:grass_block":505,"minecraft:iron_helmet":1,"farmersdelight:cutting_board":1,"minecraft:furnace":2,"epicfight:skillbook":2,"minecraft:damaged_anvil":3,"minecraft:oak_planks":181,"minecraft:sugar_cane":2,"minecraft:clay":64,"minecraft:lever":4,"immersiveengineering:hammer":12,"minecraft:gravel":1,"minecraft:coal_block":1,"minecraft:smithing_table":1,"minecraft:andesite":7,"immersiveengineering:wirecoil_copper":20,"minecraft:bone_meal":66,"minecraft:experience_bottle":5,"immersiveengineering:conveyor_basic":6,"tombstone:fishing_rod_of_misadventure":107,"minecraft:oak_door":2,"minecraft:torch":115,"minecraft:dirt":6,"elevatorid:elevator_black":2,"minecraft:hopper":9,"immersiveengineering:metal_barrel":1,"immersiveengineering:fluid_pipe":10,"minecraft:iron_hoe":84,"immersiveengineering:steel_fence":8,"tombstone:ankh_of_pray":2,"born_in_chaos_v1:chipped_black_argillite_brick":1,"born_in_chaos_v1:black_argillite_button":1,"immersiveengineering:workbench":1,"minecraft:iron_axe":197,"farmersdelight:cooking_pot":2,"tombstone:gift":2,"immersiveengineering:blastbrick":27,"minecraft:brown_bed":1,"immersiveengineering:dynamo":4,"immersiveengineering:cloche":3,"minecraft:water_bucket":4,"minecraft:cobblestone_slab":12,"born_in_chaos_v1:black_argillite_brick_stairs":1,"minecraft:crafting_table":2,"born_in_chaos_v1:black_argillite_column":4,"minecraft:iron_pickaxe":403,"immersiveengineering:light_engineering":10,"minecraft:cobblestone":37,"minecraft:bucket":42,"quark:oak_chest":6,"immersiveengineering:steel_scaffolding_standard":10}},"DataVersion":3120}